{
    "qubits": 65536,
    "initial_stats": "Graph(524288 vertices, 524288 edges)\ndegree distribution: \n1: 262144\n3: 262144\n",
    "db_phase_gadget_fusion_time": 1.709502199984854,
    "db_phase_gadget_fusion_result": 65536,
    "pyzx_phase_gadget_fusion_time": 1.8399499999941327,
    "pyzx_phase_gadget_fusion_result": 1,
    "final_stats": "Graph(393216 vertices, 327680 edges)\ndegree distribution: \n1: 196608\n2: 131072\n3: 65536\n"
}