{
    "qubits": 16384,
    "initial_stats": "Graph(131072 vertices, 131072 edges)\ndegree distribution: \n1: 65536\n3: 65536\n",
    "db_phase_gadget_fusion_time": 0.42516760001308285,
    "db_phase_gadget_fusion_result": 16384,
    "pyzx_phase_gadget_fusion_time": 0.40821960000903346,
    "pyzx_phase_gadget_fusion_result": 1,
    "final_stats": "Graph(98304 vertices, 81920 edges)\ndegree distribution: \n1: 49152\n2: 32768\n3: 16384\n"
}