{
    "qubits": 131072,
    "initial_stats": "Graph(1048576 vertices, 1048576 edges)\ndegree distribution: \n1: 524288\n3: 524288\n",
    "db_phase_gadget_fusion_time": 3.503347699996084,
    "db_phase_gadget_fusion_result": 131072,
    "pyzx_phase_gadget_fusion_time": 3.883886399999028,
    "pyzx_phase_gadget_fusion_result": 1,
    "final_stats": "Graph(786432 vertices, 655360 edges)\ndegree distribution: \n1: 393216\n2: 262144\n3: 131072\n"
}