{
    "qubits": 210,
    "initial_stats": "Graph(11264 vertices, 15150 edges)\ndegree distribution: \n1: 420\n2: 7772\n3: 2048\n8: 1024\n",
    "db_pivot_rule_time": 0.418398380279541,
    "db_pivot_rule_result": 512,
    "pyzx_pivot_rule_time": 3.535442590713501,
    "pyzx_pivot_rule_result": 1,
    "final_stats": "Graph(10240 vertices, 24366 edges)\ndegree distribution: \n1: 420\n2: 4700\n7: 2048\n8: 3072\n"
}