{
    "qubits": 473,
    "initial_stats": "Graph(45056 vertices, 60967 edges)\ndegree distribution: \n1: 946\n2: 31822\n3: 8192\n8: 4096\n",
    "db_pivot_rule_time": 0.9255285263061523,
    "db_pivot_rule_result": 2048,
    "pyzx_pivot_rule_time": 55.39441704750061,
    "pyzx_pivot_rule_result": 1,
    "final_stats": "Graph(40960 vertices, 97831 edges)\ndegree distribution: \n1: 946\n2: 19534\n7: 8192\n8: 12288\n"
}