{
    "qubits": 93,
    "initial_stats": "Graph(2816 vertices, 3747 edges)\ndegree distribution: \n1: 186\n2: 1862\n3: 512\n8: 256\n",
    "db_pivot_rule_time": 0.28235578536987305,
    "db_pivot_rule_result": 128,
    "pyzx_pivot_rule_time": 0.2568700313568115,
    "pyzx_pivot_rule_result": 1,
    "final_stats": "Graph(2560 vertices, 6051 edges)\ndegree distribution: \n1: 186\n2: 1094\n7: 512\n8: 768\n"
}