{
    "qubits": 500,
    "initial_stats": "Graph(9011 vertices, 11522 edges)\ndegree distribution: \n1: 1000\n2: 1989\n3: 6022\n",
    "db_bialgebra_simp_time": 136.2111690044403,
    "db_bialgebra_simp_result": 0,
    "pyzx_bialgebra_simp_time": 0.4740579128265381,
    "pyzx_bialgebra_simp_result": 3,
    "final_stats": "Graph(8597 vertices, 11342 edges)\ndegree distribution: \n1: 1000\n2: 1990\n3: 4861\n4: 624\n5: 109\n6: 11\n7: 2\n"
}