{
    "qubits": 200,
    "initial_stats": "Graph(3619 vertices, 4638 edges)\ndegree distribution: \n1: 400\n2: 781\n3: 2438\n",
    "db_bialgebra_simp_time": 10.38192629814148,
    "db_bialgebra_simp_result": 0,
    "pyzx_bialgebra_simp_time": 0.06919240951538086,
    "pyzx_bialgebra_simp_result": 3,
    "final_stats": "Graph(3433 vertices, 4574 edges)\ndegree distribution: \n1: 400\n2: 781\n3: 1942\n4: 216\n5: 70\n6: 22\n7: 2\n"
}