{
    "qubits": 300,
    "initial_stats": "Graph(5417 vertices, 6934 edges)\ndegree distribution: \n1: 600\n2: 1183\n3: 3634\n",
    "db_spider_fusion_time": 0.7021667999797501,
    "db_spider_fusion_result": 4631,
    "pyzx_spider_fusion_time": 0.05741100001614541,
    "pyzx_spider_fusion_result": 7,
    "final_stats": "Graph(3619 vertices, 5124 edges)\ndegree distribution: \n1: 600\n2: 791\n3: 1353\n4: 546\n5: 214\n6: 75\n7: 22\n8: 15\n9: 2\n11: 1\n"
}